"id","url","first_paragraph","createdAt","updatedAt"
1,"https://www.theguardian.com/society/2022/dec/13/like-a-horrific-board-game-33-hours-inside-an-nhs-in-crisis","Crammed wards, burnt-out GPs, patients waiting hours for ambulances – the health service is at breaking point","2022-12-13 16:33:48.233+00","2022-12-13 16:33:48.233+00"
2,"https://www.bbc.co.uk/news/health-63954268","Midwives in Wales have voted for strike action over a ""disappointing and unacceptable"" pay award worth around 4% this year.","2022-12-13 16:33:48.379+00","2022-12-13 16:33:48.379+00"
3,"https://www.bbc.co.uk/news/46619202","By clicking on the ""Sign in"" or ""Register"" link on the news homepage you can login to a BBC account. Having a BBC account gives you a number of ways to make the most of the BBC. Find out more here.  ","2022-12-13 16:33:48.433+00","2022-12-13 16:33:48.433+00"
4,"https://www.bbc.co.uk/news/uk-scotland-63956738","The man accused of murdering Emma Caldwell is facing charges against a further 27 women, court papers reveal.","2022-12-13 16:33:48.519+00","2022-12-13 16:33:48.519+00"
5,"https://www.bbc.co.uk/news/uk-england-birmingham-63948823","Detectives have begun searching a property's garden for human remains after reports of a child's death. ","2022-12-13 16:33:48.585+00","2022-12-13 16:33:48.585+00"
6,"https://www.bbc.co.uk/news/science-environment-63950962","A major breakthrough has been announced by US scientists in the race to recreate nuclear fusion.","2022-12-13 16:33:48.632+00","2022-12-13 16:33:48.632+00"
7,"https://www.bbc.co.uk/news/business-63961179","About four million UK households will face higher mortgage payments next year, the Bank of England has said, with the typical payment up by £250.","2022-12-13 16:33:48.706+00","2022-12-13 16:33:48.706+00"
8,"https://www.bbc.co.uk/news/science-environment-63957085","US scientists have reached a major milestone in their attempts to perfect a process which could potentially deliver almost limitless supplies of energy.","2022-12-13 16:33:48.765+00","2022-12-13 16:33:48.765+00"
9,"https://www.bbc.co.uk/news/uk-england-essex-63911965","A former reality TV contestant has been found guilty of offences connected to a sex tape of him with a woman.","2022-12-13 16:33:48.838+00","2022-12-13 16:33:48.838+00"
10,"https://www.bbc.co.uk/news/uk-politics-63959729","Watch: Thousands of Albanians will be returned home - Sunak","2022-12-13 16:33:48.885+00","2022-12-13 16:33:48.885+00"
11,"https://www.bbc.co.uk/news/world-europe-jersey-63957055","Two more deaths have been confirmed at the site of an explosion in Jersey, which takes the total number to seven, police have said.","2022-12-13 16:33:49.266+00","2022-12-13 16:33:49.266+00"
12,"https://www.bbc.co.uk/news/world-europe-63952993","Greek MEP Eva Kaili has denied involvement in an alleged bribery scandal involving World Cup host Qatar at the European Parliament.","2022-12-13 16:33:49.329+00","2022-12-13 16:33:49.329+00"
13,"https://www.liverpoolecho.co.uk/news/liverpool-news/suspects-named-weapons-found-police-25743607","Officers have been stopping suspects and carrying out open land searches across the borough","2022-12-13 16:33:49.667+00","2022-12-13 16:33:49.667+00"
14,"https://www.bbc.co.uk/news/uk-england-birmingham-63954733","Families of three young boys who died after being pulled from an icy lake are suffering unimaginable pain, a family member has said.","2022-12-13 16:33:49.785+00","2022-12-13 16:33:49.785+00"
15,"https://www.edinburghlive.co.uk/news/edinburgh-news/edinburgh-singer-collapses-stage-heart-25742728","Popular Edinburgh punk band The Exploited have been forced to cancel the remainder of their international tour after singer Wattie Buchan collapsed on stage during a gig.","2022-12-13 16:33:49.933+00","2022-12-13 16:33:49.933+00"
16,"https://www.edinburghlive.co.uk/news/edinburgh-news/people-avoiding-edinburghs-leith-links-25743040","Campaigners said as well as broken lampposts contributing to the problem, ""significant stretches"" of the Links are ""completely unlit"".","2022-12-13 16:33:50.279+00","2022-12-13 16:33:50.279+00"
17,"https://www.liverpoolecho.co.uk/news/liverpool-news/beloved-daughter-18-dancing-forever-25737955","Macie Jayne Vella was found at her dad's home in Skelmersdale","2022-12-13 16:33:50.4+00","2022-12-13 16:33:50.4+00"
18,"https://www.theguardian.com/us-news/live/2022/dec/13/biden-marriage-act-nuclear-fusion-energy-politics-live","Breakthrough came after experiment with 192 high-energy lasers, say US energy officials","2022-12-13 16:33:50.46+00","2022-12-13 16:33:50.46+00"
19,"https://www.liverpoolecho.co.uk/news/liverpool-news/wetherspoons-pub-named-after-liverpool-25739426","The pub is named in honour of a former Prime Minister","2022-12-13 16:33:50.771+00","2022-12-13 16:33:50.771+00"
20,"https://www.liverpoolecho.co.uk/news/liverpool-news/smiling-bootle-man-jailed-role-25742031","Bootle man Craig Kenny was jailed for his part in the cross county operation","2022-12-13 16:33:50.86+00","2022-12-13 16:33:50.86+00"
21,"https://www.edinburghlive.co.uk/news/edinburgh-news/generous-edinburgh-schoolchildren-collect-christmas-25740499","This year, Bruntsfield Primary School have collected and donated an amazing 175 toys which will go to less fortunate children in Edinburgh and the Lothians this Christmas.","2022-12-13 16:33:50.953+00","2022-12-13 16:33:50.953+00"
22,"https://www.liverpoolecho.co.uk/news/liverpool-news/hero-harry-13-made-those-25742114","His family said: ""Harry was a loving and caring boy who loved his family and friends""","2022-12-13 16:33:51.006+00","2022-12-13 16:33:51.006+00"
23,"https://www.liverpoolecho.co.uk/news/liverpool-news/fashion-brand-mco-collapses-administration-25741227","There are three stores in Merseyside","2022-12-13 16:33:51.058+00","2022-12-13 16:33:51.058+00"
24,"https://www.edinburghlive.co.uk/news/edinburgh-news/edinburgh-police-race-busy-road-25739321","Police raced to the scene outside the Edinburgh Western General on Tuesday morning (December 12) after the collision took place in the centre of the road.","2022-12-13 16:33:51.128+00","2022-12-13 16:33:51.128+00"
25,"https://www.liverpoolecho.co.uk/news/liverpool-news/asked-each-merseyside-council-how-25737838","A dramatic drop in temperatures have caused mayhem on Merseyside roads in recent days","2022-12-13 16:33:51.211+00","2022-12-13 16:33:51.211+00"
26,"https://www.edinburghlive.co.uk/news/edinburgh-news/hero-edinburgh-carer-ukraine-bombed-25735920","Grzegorz, 45, who recently moved to Clovenstone, travelled to Ukraine at the beginning of this month on his own initiative after securing leave of absence from the council.","2022-12-13 16:33:51.258+00","2022-12-13 16:33:51.258+00"
27,"https://www.edinburghlive.co.uk/news/edinburgh-news/train-strikes-dates-what-edinburgh-25736877","Trains across the country are coming to a standstill as RMT are staging a five-day strike following a lengthy dispute over pay and working conditions. The union rejected the latest pay deal.","2022-12-13 16:33:51.324+00","2022-12-13 16:33:51.324+00"
28,"https://www.edinburghlive.co.uk/news/edinburgh-news/ryanair-passengers-diverted-300-miles-25735208","Passengers on a Ryanair journey from Oslo were left shocked and confused when they were suddenly informed their flight would be landing in the Scottish capital instead of London Stansted.","2022-12-13 16:33:51.388+00","2022-12-13 16:33:51.388+00"
29,"https://www.liverpoolecho.co.uk/news/liverpool-news/coward-killed-innocent-stranger-rolex-25741040","A family member of the victim shouted ""F***ing rat"" as he was jailed","2022-12-13 16:33:51.452+00","2022-12-13 16:33:51.452+00"
30,"https://www.liverpoolecho.co.uk/news/liverpool-news/woman-donates-train-fare-striking-25740163","Act of solidarity takes place as rail staff walk out for latest round of industrial action","2022-12-13 16:33:51.492+00","2022-12-13 16:33:51.492+00"
31,"https://www.liverpoolecho.co.uk/news/liverpool-news/homes-plan-former-liverpool-fc-25742483","The Reds left their West Derby base for Kirkby in 2020","2022-12-13 16:33:51.914+00","2022-12-13 16:33:51.914+00"
32,"https://www.liverpoolecho.co.uk/news/liverpool-news/almost-300-mersey-care-staff-25741419","GMB union said ""NHS is on life support"" as more action confirmed","2022-12-13 16:33:52.075+00","2022-12-13 16:33:52.075+00"
33,"https://www.liverpoolecho.co.uk/news/liverpool-news/ford-fiesta-stolen-couple-days-25739211","Medication for a terminal illness was in the car when it was stolen","2022-12-13 16:33:52.165+00","2022-12-13 16:33:52.165+00"
34,"https://www.edinburghlive.co.uk/news/edinburgh-news/nandos-open-new-edinburgh-restaurant-25738382","Filed in the council’s planning portal this week, an application has been made to transform a unit at Craigleith retail park into the popular chicken restaurant.","2022-12-13 16:33:52.216+00","2022-12-13 16:33:52.216+00"
35,"https://www.liverpoolecho.co.uk/news/liverpool-news/southport-pier-closed-public-over-25743423","The closure notice was issued effective immediately","2022-12-13 16:33:52.287+00","2022-12-13 16:33:52.287+00"
36,"https://www.edinburghlive.co.uk/news/edinburgh-news/edinburgh-voted-one-uks-most-25742631","Edinburgh has appeared in a list of the most miserable cities to reside in in the UK, as fellow Scottish area, Glasgow, also got hit with the miserable tagline.","2022-12-13 16:33:52.353+00","2022-12-13 16:33:52.353+00"
37,"https://www.edinburghlive.co.uk/news/edinburgh-news/new-east-lothian-schools-plan-25741853","East Lothian Council has also agreed to mothball some offices, turn down the heat in those in use to 18 degrees and shelve plans to refurbish Musselburgh's The Brunton Hall","2022-12-13 16:33:52.543+00","2022-12-13 16:33:52.543+00"
38,"https://www.edinburghlive.co.uk/news/edinburgh-news/east-lothian-woman-desperate-reunited-25736719","A dog walker in East Lothian is begging the public to keep their eyes open for her lost dog as Christmas draws closer. Amy Hamilton has been missing Benji for six months and says it hasn't got any easier.","2022-12-13 16:33:52.631+00","2022-12-13 16:33:52.631+00"
39,"https://www.liverpoolecho.co.uk/news/liverpool-news/nursery-children-ate-baby-lotion-25742855","The nursery had been slammed as inadequate six months ago but has now been transformed","2022-12-13 16:33:53.121+00","2022-12-13 16:33:53.121+00"
40,"https://www.liverpoolecho.co.uk/news/liverpool-news/police-name-six-suspects-probe-25742870","The charges follow an investigation into 12 burglaries in which cars, watches, jewellery an designer clothes were taken","2022-12-13 16:33:53.242+00","2022-12-13 16:33:53.242+00"
41,"https://www.edinburghlive.co.uk/news/edinburgh-news/body-found-search-edinburgh-man-25735409","Police have confirmed a body has been found in the search for Jamie Stenhouse, 34, who went missing from Gilmerton, Edinburgh, at around 11am on Saturday December 10.","2022-12-13 16:33:53.372+00","2022-12-13 16:33:53.372+00"
42,"https://www.edinburghlive.co.uk/news/edinburgh-news/mums-nightmare-daughter-stranded-edinburgh-25737750","Returning from the Arctic Circle, the plane full of families had been trying to make its way to Humberside Airport in England when they were told they would have to land in Scotland.","2022-12-13 16:33:53.461+00","2022-12-13 16:33:53.461+00"
43,"https://metro.co.uk/2022/12/13/when-is-the-next-train-strike-december-2022-and-january-2023-dates-17923030/","NEWS... BUT NOT AS YOU KNOW IT","2022-12-13 16:33:53.865+00","2022-12-13 16:33:53.865+00"
44,"https://www.theguardian.com/uk-news/2022/dec/13/police-search-garden-in-handsworth-birmingham-for-human-remains","Police have made two arrests after receiving information about the death of a child in Handsworth","2022-12-13 16:33:53.973+00","2022-12-13 16:33:53.973+00"
45,"https://www.edinburghlive.co.uk/news/edinburgh-news/midlothian-mansion-sir-walter-scott-25741650","Located in Lasswade, 'Barony House' was occupied by Scott and his wife Charlotte following their honeymoon in 1798, with the couple living there until 1805.","2022-12-13 16:33:54.082+00","2022-12-13 16:33:54.082+00"
46,"https://www.theguardian.com/world/live/2022/dec/13/russia-ukraine-war-live-us-sends-first-power-equipment-to-ukraine-eu-breaks-hungary-stalemate-to-approve-18bn-aid-plan","Kremlin spokesperson claims people in Kherson, Zaporizhzhia, Donetsk and Luhansk provinces of Ukraine were Russia’s ‘new subjects’","2022-12-13 16:33:54.196+00","2022-12-13 16:33:54.196+00"
47,"https://www.theguardian.com/money/2022/dec/13/adam-afriyie-says-he-will-not-quit-as-conservative-mp-after-bankruptcy-order","Windsor MP will stand down at next election but not quit and trigger byelection","2022-12-13 16:33:54.24+00","2022-12-13 16:33:54.24+00"
48,"https://www.edinburghlive.co.uk/news/edinburgh-news/east-lothian-driver-caught-out-25738184","Issuing a warning on social media this week, road police shared that the motorist had been pulled over near Dunbar on Monday, where officers carried out a series of checks.","2022-12-13 16:33:54.3+00","2022-12-13 16:33:54.3+00"
49,"https://www.theguardian.com/environment/2022/dec/13/what-is-nuclear-fusion-what-have-scientists-achieved-ignition","After 70 years of research, experts in California have for the first time proven ignition is possible","2022-12-13 16:33:54.362+00","2022-12-13 16:33:54.362+00"
50,"https://www.theguardian.com/uk-news/2022/dec/13/rishi-sunak-tells-mps-clear-asylum-backlog-end-of-2023","PM says he has signed deal with Albania that will speed up removal of recent arrivals from Balkan country","2022-12-13 16:33:54.408+00","2022-12-13 16:33:54.408+00"
51,"https://www.theguardian.com/politics/2022/dec/13/ministers-accused-of-writing-blank-cheque-for-boris-johnson-legal-bills","Exclusive: Cabinet Office to extend contract with law firm to defend claims ex-PM misled parliament, sources say","2022-12-13 16:33:54.459+00","2022-12-13 16:33:54.459+00"
52,"https://www.birminghammail.co.uk/news/midlands-news/aunt-boy-killed-solihull-frozen-25740001","Charlotte McIlmurray, described the tragedy as a “nightmare”","2022-12-13 16:33:54.499+00","2022-12-13 16:33:54.499+00"
53,"https://www.birminghammail.co.uk/news/midlands-news/ghouls-filmed-babbs-mill-lake-25739781","The clips were said to have emerged as emergency services confirmed three children had died","2022-12-13 16:33:54.544+00","2022-12-13 16:33:54.544+00"
54,"https://www.birminghammail.co.uk/news/midlands-news/growing-sea-tributes-bid-god-25741769","A growing sea of flowers, teddies and heartfelt messages have been left at Babbs Mill Lake, the centre of the tragedy in Kingshurst","2022-12-13 16:33:54.597+00","2022-12-13 16:33:54.597+00"
55,"https://www.theguardian.com/uk-news/2022/dec/13/mick-lynch-accuses-bbc-parroting-rightwing-propaganda","RMT boss hits out at Today presenter Mishal Husain and also clashes with GMB’s Richard Madeley over strikes","2022-12-13 16:33:54.643+00","2022-12-13 16:33:54.643+00"
56,"https://www.birminghammail.co.uk/news/midlands-news/bq-probe-sick-tweet-claim-25740539","Three children - aged eight, ten and 11 - died and a fourth was fighting for life today","2022-12-13 16:33:54.695+00","2022-12-13 16:33:54.695+00"
57,"https://metro.co.uk/2022/12/12/london-new-years-eve-2023-where-to-watch-fireworks-in-the-capital-17920993/","NEWS... BUT NOT AS YOU KNOW IT","2022-12-13 16:33:54.73+00","2022-12-13 16:33:54.73+00"
58,"https://www.birminghammail.co.uk/news/midlands-news/handsworth-search-live-updates-police-25741035","The current occupiers of the property were not connected to the investigation, West Midlands Police said","2022-12-13 16:33:54.794+00","2022-12-13 16:33:54.794+00"
59,"https://www.theguardian.com/uk-news/2022/dec/13/train-strikes-uk-rail-disruption-stoppages","Rail bosses and unions also signal they will not budge, as RMT’s Mick Lynch says there is ‘no deal in sight’","2022-12-13 16:33:54.84+00","2022-12-13 16:33:54.84+00"
60,"https://www.birminghammail.co.uk/news/midlands-news/emotional-john-eustace-lays-flowers-25741890","The Solihull-born former player and head coach arrived at the scene to lay flowers","2022-12-13 16:33:54.901+00","2022-12-13 16:33:54.901+00"
61,"https://metro.co.uk/2022/12/11/when-are-the-first-and-last-trains-from-london-to-gatwick-and-heathrow-17917676/","NEWS... BUT NOT AS YOU KNOW IT","2022-12-13 16:33:54.944+00","2022-12-13 16:33:54.944+00"
62,"https://metro.co.uk/2022/12/11/london-girl-with-incurable-cancer-recovers-after-pioneering-treatment-17916774/","NEWS... BUT NOT AS YOU KNOW IT","2022-12-13 16:33:54.976+00","2022-12-13 16:33:54.976+00"
63,"https://metro.co.uk/2022/12/12/new-years-eve-the-best-things-to-do-in-london-17918489/","NEWS... BUT NOT AS YOU KNOW IT","2022-12-13 16:33:55.012+00","2022-12-13 16:33:55.012+00"
64,"https://metro.co.uk/2022/12/13/jewellery-store-manager-charged-over-fatal-crash-on-tracks-at-park-royal-17928847/","NEWS... BUT NOT AS YOU KNOW IT","2022-12-13 16:33:55.072+00","2022-12-13 16:33:55.072+00"
65,"https://www.birminghammail.co.uk/news/midlands-news/babbs-mill-lake-live-community-25737399","Rescuers smashed ice with bare hands to save the young boys. The community awaits news today as fourth boy, six, fight for life","2022-12-13 16:33:55.128+00","2022-12-13 16:33:55.128+00"
66,"https://metro.co.uk/2022/12/13/has-the-river-thames-ever-frozen-over-17927810/","NEWS... BUT NOT AS YOU KNOW IT","2022-12-13 16:33:55.161+00","2022-12-13 16:33:55.161+00"
67,"https://metro.co.uk/2022/12/11/london-football-fan-jailed-for-attacking-stewards-and-police-at-england-game-17917066/","NEWS... BUT NOT AS YOU KNOW IT","2022-12-13 16:33:55.191+00","2022-12-13 16:33:55.191+00"
68,"https://www.birminghammail.co.uk/news/showbiz-tv/bbc-strictly-come-dancing-scrapped-25743815","Strictly was rescheduled to Monday night, with Will Mellor the latest to leave the show, after the programme was bumped from Saturday due to England vs France's World Cup quarter final.","2022-12-13 16:33:55.248+00","2022-12-13 16:33:55.248+00"
69,"https://www.birminghammail.co.uk/news/midlands-news/police-raid-cannabis-factory-worth-25741695","No arrests have been made and investigations are ongoing.","2022-12-13 16:33:55.296+00","2022-12-13 16:33:55.296+00"
70,"https://www.expressandstar.com/news/news/local-hubs/birmingham/","Subscribe to one or all notification sources from this one place.","2022-12-13 16:33:55.334+00","2022-12-13 16:33:55.334+00"
71,"https://www.birminghammail.co.uk/news/showbiz-tv/dua-lipa-dating-household-name-25743482","The One Kiss singer is said to have been ""strongly pursued"" by Jack.","2022-12-13 16:33:55.4+00","2022-12-13 16:33:55.4+00"
72,"https://www.birminghammail.co.uk/news/showbiz-tv/alison-hammond-gutted-martin-lewis-25743269","Mr Lewis was appearing via video link on ITV This Morning, as he fielded calls from viewers.","2022-12-13 16:33:55.469+00","2022-12-13 16:33:55.469+00"
73,"https://www.expressandstar.com/news/news/local-hubs/birmingham/archive/","Subscribe to one or all notification sources from this one place.","2022-12-13 16:33:55.514+00","2022-12-13 16:33:55.514+00"
74,"https://www.birminghammail.co.uk/news/showbiz-tv/bbc-strictly-come-dancing-fans-25742887","Viewers are not happy after the confirmation of each of the finalists' three final dances was announced on Tuesday.","2022-12-13 16:33:55.582+00","2022-12-13 16:33:55.582+00"
75,"https://www.birminghammail.co.uk/news/midlands-news/25000-uk-households-830000-energy-25743627","Utilita among them, being forced to pay 25,000 punters £830k in compensation.","2022-12-13 16:33:55.634+00","2022-12-13 16:33:55.634+00"
76,"https://www.birminghammail.co.uk/news/showbiz-tv/stephen-bear-found-guilty-sharing-25743885","The 32-year-old defendant and 27-year-old Ms Harrison were recorded having sex on CCTV cameras in Bear's garden in Loughton","2022-12-13 16:33:55.674+00","2022-12-13 16:33:55.674+00"
77,"https://www.birminghammail.co.uk/news/showbiz-tv/dan-walker-urges-bbc-strictly-25743074","The Channel 5 star tweeted: “Can people please lay off @ShirleyBallas? It’s ok to disagree but some of the bile & hatred on here is horrible.","2022-12-13 16:33:55.753+00","2022-12-13 16:33:55.753+00"
78,"https://metro.co.uk/2022/12/11/london-sex-workers-frightened-police-will-abuse-increased-powers-against-them-17881921/","NEWS... BUT NOT AS YOU KNOW IT","2022-12-13 16:33:55.815+00","2022-12-13 16:33:55.815+00"
79,"https://metro.co.uk/2022/12/11/london-man-dies-after-being-found-outside-hospital-with-stab-wounds-17918549/","NEWS... BUT NOT AS YOU KNOW IT","2022-12-13 16:33:55.86+00","2022-12-13 16:33:55.86+00"
80,"https://metro.co.uk/2022/12/13/nikki-tibbles-why-i-left-london-for-300-year-old-west-sussex-cottage-17923472/","NEWS... BUT NOT AS YOU KNOW IT","2022-12-13 16:33:55.907+00","2022-12-13 16:33:55.907+00"
81,"https://metro.co.uk/2022/12/12/kate-gives-look-at-festive-special-that-will-honour-queen-17920412/","NEWS... BUT NOT AS YOU KNOW IT","2022-12-13 16:33:55.966+00","2022-12-13 16:33:55.966+00"
82,"https://www.bbc.co.uk/news/england","One victim is named locally as Jack Johnson, 10, as the Solihull community mourns their loss.","2022-12-13 16:33:56.535+00","2022-12-13 16:33:56.535+00"
83,"https://www.bbc.co.uk/news/uk-england-merseyside-63960669","Hundreds of new bungalows and care units are set to be built on the site of Liverpool's former training ground.","2022-12-13 16:33:56.999+00","2022-12-13 16:33:56.999+00"
84,"https://www.bbc.co.uk/news/uk-england-merseyside-63963139","Southport Pier has closed ""until further notice"" after extreme cold weather damaged the decking boards.","2022-12-13 16:33:57.04+00","2022-12-13 16:33:57.04+00"
85,"https://www.bbc.co.uk/news/uk-england-merseyside-63956080","Liverpool City Council is turning fly-tipping sites into mocked-up crime scenes in a new crackdown in the city.","2022-12-13 16:33:57.079+00","2022-12-13 16:33:57.079+00"
86,"https://www.bbc.co.uk/news/uk-england-lancashire-63951981","North West Ambulance Service has urgently appealed for people to only call 999 for life-threatening injuries as crews were ""extremely busy"".","2022-12-13 16:33:57.174+00","2022-12-13 16:33:57.174+00"
87,"https://www.bbc.co.uk/news/uk-england-merseyside-63950456","A baby living in ""overcrowded circumstances"" during lockdown died after the carrycot he was in was put in a shed, a judge has concluded.","2022-12-13 16:33:57.205+00","2022-12-13 16:33:57.205+00"
88,"https://www.bbc.co.uk/news/uk-england-merseyside-63960284","A 13-year-old boy who died after he was struck by a car near a cinema ""was a loving and caring boy"", his family has said.","2022-12-13 16:33:57.251+00","2022-12-13 16:33:57.251+00"
89,"https://www.bbc.co.uk/news/uk-england-merseyside-63941363","A mother has told the lifeboat crew who saved her daughter she would ""forever grateful"" at an emotional reunion.","2022-12-13 16:33:57.305+00","2022-12-13 16:33:57.305+00"
90,"https://www.bbc.co.uk/news/uk-england-merseyside-63919131","Victims of widespread historic sexual and physical abuse at a council-run school have said police let them down by missing a crucial chance to stop it.","2022-12-13 16:33:57.351+00","2022-12-13 16:33:57.351+00"
91,"https://www.bbc.co.uk/news/live/world-us-canada-63953033","Reporting and analysis from Samira Hussain at the US Capitol, Natalie Sherman in New York, and Joe Tidy in London ","2022-12-13 16:33:57.599+00","2022-12-13 16:33:57.599+00"
92,"https://www.bbc.co.uk/news/uk-england-merseyside-63950256","Police investigating reports of youngsters playing on a frozen lake have urged parents to speak to their children about the dangers of ice.","2022-12-13 16:33:57.704+00","2022-12-13 16:33:57.704+00"
93,"https://www.bbc.co.uk/news/live/uk-63951125","And we'll keep you signed in.","2022-12-13 16:33:57.967+00","2022-12-13 16:33:57.967+00"
94,"https://www.bbc.co.uk/news/uk-scotland-edinburgh-east-fife-63958201","A light aircraft crashed in a field in Fife after its cockpit burst open mid-flight, according to an investigation into the accident. ","2022-12-13 16:33:58+00","2022-12-13 16:33:58+00"
95,"https://www.bbc.co.uk/news/uk-scotland-edinburgh-east-fife-62382613","A light aircraft crash-landed into a field in Fife after witnesses reported it doing a somersault before hitting the ground. ","2022-12-13 16:33:58.037+00","2022-12-13 16:33:58.037+00"
96,"https://www.bbc.co.uk/news/uk-scotland-63860864","A selection of your pictures of Scotland sent in between 2-9 December.","2022-12-13 16:33:58.068+00","2022-12-13 16:33:58.068+00"
97,"https://www.bbc.co.uk/news/uk-scotland-edinburgh-east-fife-63944082","A man is to attempt one of the world's most dangerous rows in the Antarctic in honour of the ""forgotten hero"" of Sir Ernest Shackleton's Endurance voyage - just months after open heart surgery.","2022-12-13 16:33:58.114+00","2022-12-13 16:33:58.114+00"
98,"https://www.bbc.co.uk/news/uk-scotland-63942676","The latest round of rail strikes will severely reduce Scotland's train network until Sunday. ","2022-12-13 16:33:58.155+00","2022-12-13 16:33:58.155+00"
99,"https://www.bbc.co.uk/news/uk-england-merseyside-63951331","A man who was abused at a council-run school has said police let him and other boys down by missing a crucial chance to stop it.","2022-12-13 16:33:58.231+00","2022-12-13 16:33:58.231+00"
100,"https://www.bbc.co.uk/news/uk-scotland-edinburgh-east-fife-63920657","The Scottish government has signalled its support for the expansion of the Edinburgh tram network, by prioritising the project in a new national transport blueprint.","2022-12-13 16:33:58.254+00","2022-12-13 16:33:58.254+00"
101,"https://www.bbc.co.uk/news/uk-scotland-63621680","The number of people in Scotland's prisons awaiting trial has hit ""crisis point"", according to the chairman of the Scottish Human Rights Commission (SHRC). ","2022-12-13 16:33:58.292+00","2022-12-13 16:33:58.292+00"
102,"https://www.bbc.co.uk/news/uk-scotland-edinburgh-east-fife-63649774","The star of a new big screen movie had never acted before she got her part as a young girl on an idyllic holiday with her father.","2022-12-13 16:33:58.34+00","2022-12-13 16:33:58.34+00"
103,"https://www.bbc.co.uk/news/uk-scotland-edinburgh-east-fife-63943766","JK Rowling has launched a new women-only support service for victims of sexual violence.","2022-12-13 16:33:58.383+00","2022-12-13 16:33:58.383+00"
104,"https://www.bbc.co.uk/news/uk-scotland-edinburgh-east-fife-63246615","It was Edinburgh's worst fire in living memory and took more than 15 hours to bring under control.","2022-12-13 16:33:58.429+00","2022-12-13 16:33:58.429+00"
105,"https://www.bbc.co.uk/news/uk-scotland-edinburgh-east-fife-63465495","Phra Prasert Panyawaro has dreamed of watching Manchester United at Old Trafford ever since he saw them playing on TV as a boy.","2022-12-13 16:33:58.474+00","2022-12-13 16:33:58.474+00"
106,"https://www.bbc.co.uk/news/uk-scotland-edinburgh-east-fife-62811916","Most of Golden Wonder's historic documents and files were lost in a fire years ago but now as it marks its 75th anniversary the founder's granddaughter has spoken for the first time about how it all began.","2022-12-13 16:33:58.532+00","2022-12-13 16:33:58.532+00"
108,"https://www.bbc.co.uk/news/england/merseyside","Harry Kinney-Ryan ""always made those around him laugh"", his family say.","2022-12-13 16:33:59.164+00","2022-12-13 16:33:59.164+00"
109,"https://www.bbc.co.uk/news/scotland/scotland_politics","The Scottish government has defeated a legal challenge over how it defined a ""woman"" in a bill.","2022-12-13 16:33:59.393+00","2022-12-13 16:33:59.393+00"
110,"https://www.bbc.co.uk/news/england/lancashire","Burnley Council hears there is ""a massive problem"" with conditions in the town's social housing.","2022-12-13 16:33:59.631+00","2022-12-13 16:33:59.631+00"
111,"https://www.bbc.co.uk/news/scotland","Iain Packer has pleaded not guilty to a total of 46 charges, including 11 rapes, over a 26-year period.","2022-12-13 16:33:59.809+00","2022-12-13 16:33:59.809+00"
112,"https://www.bbc.co.uk/news/scotland/edinburgh_east_and_fife","The 70-year-old pilot heard ""an almighty bang and a blast of air struck him, blowing off his headset"".","2022-12-13 16:34:00.19+00","2022-12-13 16:34:00.19+00"
184,"https://www.theguardian.com/business/2022/dec/13/sam-bankman-fried-ftx-signal-wirefraud-chat-alameda","Chat group on the platform Signal was reportedly used to send end-to-end encrypted information about FTX and its hedge fund","2022-12-13 16:34:30.728+00","2022-12-13 16:34:30.728+00"
187,"https://www.theguardian.com/uk-news/2022/dec/13/uk-weather-snow-ice-warnings-coldest-night","Record for coldest night of year broken again as yellow snow and ice warnings extended around UK","2022-12-13 16:34:31.011+00","2022-12-13 16:34:31.011+00"
190,"https://www.theguardian.com/society/2022/dec/13/trans-women-can-take-seats-on-public-boards-set-aside-for-women-scottish-judge-rules","Guidance that extends definition of ‘woman’ to transgender women with gender recognition certificate is lawful, court rules","2022-12-13 16:34:31.5+00","2022-12-13 16:34:31.5+00"
194,"https://www.theguardian.com/uk-news/2022/dec/13/abduction-of-lockerbie-bomb-suspect-undermines-rule-of-law-analysts-say","Mohammed Abouagela Masud, who has appeared in US court, was seized by notorious Libyan militia from Tripoli home ","2022-12-13 16:34:31.907+00","2022-12-13 16:34:31.907+00"
195,"https://www.theguardian.com/politics/live/2022/dec/13/rishi-sunak-conservatives-tory-labour-strikes-latest-updates","Campaigners criticise prime minister’s announcement on plans to curb small boat arrivals","2022-12-13 16:34:32.886+00","2022-12-13 16:34:32.886+00"
196,"https://www.standard.co.uk/news/politics/mps-parliament-gchq-government-mi5-mi6-spies-b1046864.html?itm_source=Internal&itm_channel=homepage_banner&itm_campaign=breaking-news-ticker&itm_content=1","The Intelligence and Security Committee said its work has been ‘severely hampered’ due to agencies’ failure to meet deadlines","2022-12-13 16:34:33.64+00","2022-12-13 16:34:33.64+00"
197,"https://www.standard.co.uk/news/politics/mps-parliament-gchq-government-mi5-mi6-spies-b1046864.html","The Intelligence and Security Committee said its work has been ‘severely hampered’ due to agencies’ failure to meet deadlines","2022-12-13 16:34:34.254+00","2022-12-13 16:34:34.254+00"
198,"https://www.standard.co.uk/news/politics/sadiq-khan-council-tax-tfl-michael-gove-government-b1046800.html","adiq Khan has been given the green light by ministers to continue to use council tax to bail out Transport for London.","2022-12-13 16:34:34.35+00","2022-12-13 16:34:34.35+00"
199,"https://www.standard.co.uk/news/london/sadiq-khan-cressida-dick-tom-winsor-report-met-police-b1046905.html?itm_source=Internal&itm_channel=homepage_banner&itm_campaign=breaking-news-ticker&itm_content=3","Sadiq Khan clashed with Sir Tom Winsor ","2022-12-13 16:34:34.419+00","2022-12-13 16:34:34.419+00"
200,"https://www.standard.co.uk/news/crime/reality-tv-star-stephen-bear-guilty-sex-tape-georgia-harrison-b1046947.html?itm_source=Internal&itm_channel=homepage_banner&itm_campaign=breaking-news-ticker&itm_content=2","Reality TV star Stephen Bear arrives at Chelmsford Crown Court, Essex, before his trial (Joe Giddens/PA)","2022-12-13 16:34:34.466+00","2022-12-13 16:34:34.466+00"
201,"https://www.standard.co.uk/news/london/sadiq-khan-cressida-dick-tom-winsor-report-met-police-b1046905.html","Sadiq Khan clashed with Sir Tom Winsor ","2022-12-13 16:34:34.546+00","2022-12-13 16:34:34.546+00"
202,"https://www.standard.co.uk/news/uk/mark-harper-says-rmt-strikes-will-force-families-to-endure-another-virtual-christmas-b1046840.html?itm_source=Internal&itm_channel=homepage_trending_article_component&itm_campaign=editors_picks&itm_content=1","Transport Secretary Mark Harper refused to deny that he had made one of the conditions of a deal to end the dispute as more driver-only trains","2022-12-13 16:34:34.595+00","2022-12-13 16:34:34.595+00"
203,"https://www.standard.co.uk/news/uk/mark-harper-says-rmt-strikes-will-force-families-to-endure-another-virtual-christmas-b1046840.html?itm_source=Internal&itm_channel=homepage_banner&itm_campaign=breaking-news-ticker&itm_content=6","Transport Secretary Mark Harper refused to deny that he had made one of the conditions of a deal to end the dispute as more driver-only trains","2022-12-13 16:34:34.736+00","2022-12-13 16:34:34.736+00"
204,"https://www.standard.co.uk/news/politics/rishi-sunak-announces-deal-fast-track-removal-albanian-migrants-immigration-b1046873.html","Disused holiday parks, former student halls and surplus military sites will also be used to house migrants, the Prime Minister said ","2022-12-13 16:34:34.803+00","2022-12-13 16:34:34.803+00"
205,"https://www.standard.co.uk/news/politics","The Intelligence and Security Committee said its work has been ‘severely hampered’ due to agencies’ failure to meet deadlines","2022-12-13 16:34:34.903+00","2022-12-13 16:34:34.903+00"
206,"https://www.standard.co.uk/news/uk/london-weather-forecast-fog-snow-ice-winter-met-office-latest-uk-b1046365.html?itm_source=Internal&itm_channel=homepage_trending_article_component&itm_campaign=trending_section&itm_content=1","Scores of flights affected at Heathrow, Gatwick, Stansted and London City; Tube severely disrupted ahead of week of chaos ","2022-12-13 16:34:35.783+00","2022-12-13 16:34:35.783+00"
321,"https://www.standard.co.uk/news/uk/jersey-explosion-blast-flats-police-death-toll-b1046863.html?itm_source=Internal&itm_channel=homepage_banner&itm_campaign=breaking-news-ticker&itm_content=5","The island’s chief of police, Robin Smith, says identification of those who died is still ongoing","2022-12-13 16:35:08.247+00","2022-12-13 16:35:08.247+00"
326,"https://www.standard.co.uk/news/uk/mark-harper-says-rmt-strikes-will-force-families-to-endure-another-virtual-christmas-b1046840.html","Transport Secretary Mark Harper refused to deny that he had made one of the conditions of a deal to end the dispute as more driver-only trains","2022-12-13 16:35:08.518+00","2022-12-13 16:35:08.518+00"
331,"https://www.standard.co.uk/news/politics/rishi-sunak-announces-deal-fast-track-removal-albanian-migrants-immigration-b1046873.html?itm_source=Internal&itm_channel=homepage_banner&itm_campaign=breaking-news-ticker&itm_content=4","Disused holiday parks, former student halls and surplus military sites will also be used to house migrants, the Prime Minister said ","2022-12-13 16:35:08.827+00","2022-12-13 16:35:08.827+00"
332,"https://www.standard.co.uk/news/uk","The actor shared how the royal had personally requested to come over and came with a special gift for his wife ","2022-12-13 16:35:08.863+00","2022-12-13 16:35:08.863+00"
467,"https://www.liverpoolecho.co.uk/news/liverpool-news/chatwins-bakery-opens-prescot-after-25738231","Chatwins welcomed customers today after opening its second Merseyside store","2022-12-13 16:41:38.795+00","2022-12-13 16:41:38.795+00"
524,"https://www.birminghammail.co.uk/news/midlands-news/what-lensa-ai-portrait-app-25740611","The future of art?","2022-12-13 16:41:46.792+00","2022-12-13 16:41:46.792+00"
532,"https://www.birminghammail.co.uk/news/midlands-news/tearful-police-officers-lay-flowers-25742841","Officers, who were visibly upset, lay flowers and tributes at the scene in Kingshurst this afternoon, December 13","2022-12-13 16:41:47.341+00","2022-12-13 16:41:47.341+00"
536,"https://www.standard.co.uk/news/politics/mps-parliament-gchq-government-mi5-mi6-spies-b1046864.html?itm_source=Internal&itm_channel=homepage_banner&itm_campaign=breaking-news-ticker&itm_content=2","The Intelligence and Security Committee said its work has been ‘severely hampered’ due to agencies’ failure to meet deadlines","2022-12-13 16:41:49.163+00","2022-12-13 16:41:49.163+00"
537,"https://www.standard.co.uk/news/uk/jersey-explosion-blast-flats-police-death-toll-b1046863.html?itm_source=Internal&itm_channel=homepage_banner&itm_campaign=breaking-news-ticker&itm_content=6","The island’s chief of police, Robin Smith, says identification of those who died is still ongoing","2022-12-13 16:41:50.664+00","2022-12-13 16:41:50.664+00"
539,"https://www.standard.co.uk/news/crime/reality-tv-star-stephen-bear-guilty-sex-tape-georgia-harrison-b1046947.html?itm_source=Internal&itm_channel=homepage_banner&itm_campaign=breaking-news-ticker&itm_content=3","Reality TV star Stephen Bear arrives at Chelmsford Crown Court, Essex, before his trial (Joe Giddens/PA)","2022-12-13 16:41:50.854+00","2022-12-13 16:41:50.854+00"
540,"https://www.standard.co.uk/news/london/sadiq-khan-cressida-dick-tom-winsor-report-met-police-b1046905.html?itm_source=Internal&itm_channel=homepage_banner&itm_campaign=breaking-news-ticker&itm_content=4","Sadiq Khan clashed with Sir Tom Winsor ","2022-12-13 16:41:50.885+00","2022-12-13 16:41:50.885+00"
544,"https://www.standard.co.uk/news/politics/rishi-sunak-announces-deal-fast-track-removal-albanian-migrants-immigration-b1046873.html?itm_source=Internal&itm_channel=homepage_banner&itm_campaign=breaking-news-ticker&itm_content=5","Disused holiday parks, former student halls and surplus military sites will also be used to house migrants, the Prime Minister said ","2022-12-13 16:41:51.27+00","2022-12-13 16:41:51.27+00"
545,"https://www.standard.co.uk/news/london","Police are searching for a suspect in connection with robberies in Lewisham, Lambeth, Belvedere and Bromley ","2022-12-13 16:41:51.359+00","2022-12-13 16:41:51.359+00"
692,"https://www.liverpoolecho.co.uk/news/liverpool-news/merseyside-football-legends-pay-respects-25744240","David Johnson's funeral took place in Woolton on Tuesday","2022-12-13 18:13:38.757+00","2022-12-13 18:13:38.757+00"
693,"https://www.liverpoolecho.co.uk/news/liverpool-news/golf-club-hotel-plans-look-25743732","But proposals for a external marquee did get the go ahead","2022-12-13 18:13:38.854+00","2022-12-13 18:13:38.854+00"
696,"https://www.liverpoolecho.co.uk/news/liverpool-news/baby-found-dead-after-being-25741086","A judge ruled the two-month-old boy's parents had lied about his death","2022-12-13 18:13:38.969+00","2022-12-13 18:13:38.969+00"
698,"https://www.liverpoolecho.co.uk/news/liverpool-news/warning-anyone-heading-christmas-party-25738195","People are being told to take extra care over the festive period","2022-12-13 18:13:39.042+00","2022-12-13 18:13:39.042+00"
701,"https://www.liverpoolecho.co.uk/news/liverpool-news/students-struggling-afford-supermarket-basics-25744744","'I’ve been ill three times this winter already, and I think it’s because of my poor diet'","2022-12-13 18:13:39.163+00","2022-12-13 18:13:39.163+00"
705,"https://www.bbc.co.uk/news/uk-northern-ireland-63957254","A County Antrim woman has been jailed for a minimum of 20 years for the murder and attempted murder of her two sons.","2022-12-13 18:13:39.29+00","2022-12-13 18:13:39.29+00"
706,"https://www.bbc.co.uk/news/business-63963239","Elon Musk is no longer the world's richest man after seeing the value of his stake in electric car company Tesla more than halve.","2022-12-13 18:13:39.317+00","2022-12-13 18:13:39.317+00"
710,"https://www.edinburghlive.co.uk/news/edinburgh-news/warning-historic-leith-building-could-25745181","The project is facing a funding shortfall of £5.82 million and a suggestion that the building could be sold in future was met with concern.","2022-12-13 18:13:39.532+00","2022-12-13 18:13:39.532+00"
716,"https://www.bbc.co.uk/news/uk-63957154","The UK suffered its chilliest night in almost two years last night and there's no sign of the cold snap easing yet. There's also no sign of a thaw in the row between workers and companies.","2022-12-13 18:13:40.273+00","2022-12-13 18:13:40.273+00"
723,"https://www.edinburghlive.co.uk/news/edinburgh-news/fiona-thomson-police-issue-urgent-25743933","Police are issuing an urgent appeal in search of Fiona Thomson who is thought to be missing in Fife but has links to Edinburgh. There is a growing concern for her welfare.","2022-12-13 18:13:40.903+00","2022-12-13 18:13:40.903+00"
724,"https://www.edinburghlive.co.uk/news/edinburgh-news/midlothian-gala-day-gets-10000-25743602","Councillors said gala days were part of the county's tradition and heritage and should be celebrated for the vital role they play in bringing communities together","2022-12-13 18:13:40.939+00","2022-12-13 18:13:40.939+00"
733,"https://www.edinburghlive.co.uk/news/edinburgh-news/gifted-edinburgh-schoolgirl-starring-box-25743856","The movie knocked Black Panther Wakanda off the top of the box office on opening weekend. The musical movie stars Emma Thompson as Miss Trunchbull and Stephen Graham as Mr Wormwood.","2022-12-13 18:13:41.319+00","2022-12-13 18:13:41.319+00"
737,"https://www.theguardian.com/uk-news/2022/dec/13/utilita-energy-to-pay-out-830000-after-ofgem-raises-concerns","Energy supplier to compensate 25,000 customers classed as vulnerable who use prepayment meters ","2022-12-13 18:13:41.69+00","2022-12-13 18:13:41.69+00"
744,"https://metro.co.uk/2022/12/13/london-mystery-of-man-fatally-hit-by-car-could-finally-be-solved-17930168/","NEWS... BUT NOT AS YOU KNOW IT","2022-12-13 18:13:42.022+00","2022-12-13 18:13:42.022+00"
749,"https://www.theguardian.com/world/2022/dec/13/lingerie-firm-agent-provocateur-under-pressure-over-moscow-franchise-stores","Retailer among companies listed by Leave Russia project but says it does not itself operate there","2022-12-13 18:13:42.266+00","2022-12-13 18:13:42.266+00"
751,"https://www.theguardian.com/society/2022/dec/13/uk-pharmacists-report-sharp-rise-in-prices-for-strep-a-antibiotics","Concerns raised over pharmacists’ losses as market price increases outpace reimbursement prices","2022-12-13 18:13:42.383+00","2022-12-13 18:13:42.383+00"
752,"https://www.theguardian.com/environment/2022/dec/13/us-scientists-confirm-major-breakthrough-in-nuclear-fusion","Breakthrough could pave way for abundant clean energy eventually but significant hurdles remain","2022-12-13 18:13:42.431+00","2022-12-13 18:13:42.431+00"
753,"https://www.birminghammail.co.uk/news/midlands-news/family-scream-rat-dealer-who-25744967","Jordan Short has been jailed afrer killing joiner Steven McMyler, a 34-year-old father of two young children, for his Rolex.","2022-12-13 18:13:42.506+00","2022-12-13 18:13:42.506+00"
754,"https://www.birminghammail.co.uk/news/midlands-news/girl-13-used-branches-try-25745088","Three boys died at Babbs Mill Park on Sunday - with a fourth fighting for his life.","2022-12-13 18:13:42.573+00","2022-12-13 18:13:42.573+00"
755,"https://www.birminghammail.co.uk/news/showbiz-tv/john-barrowman-slams-bbc-torchwood-25744864","The pair worked together for years on the BBC Doctor Who spin-off series.","2022-12-13 18:13:42.627+00","2022-12-13 18:13:42.627+00"
756,"https://www.birminghammail.co.uk/news/midlands-news/police-rush-kids-frozen-pond-25743698","Warwickshire Police and Coventry Park Rangers have warned the public to stay away from ice after the Babbs Mill tragedy.","2022-12-13 18:13:42.693+00","2022-12-13 18:13:42.693+00"
758,"https://www.birminghammail.co.uk/news/showbiz-tv/bbc-strictly-come-dancing-viewers-25744585","Viewers want Shirley replaced on the judging panel after she opted to send home Will Mellor over Fleur East on Monday night.","2022-12-13 18:13:42.855+00","2022-12-13 18:13:42.855+00"
759,"https://www.birminghammail.co.uk/news/showbiz-tv/bbc-strictly-come-dancing-star-25744418","One expert reckons Hamza is definitely set to lift the Glitterball Trophy.","2022-12-13 18:13:42.894+00","2022-12-13 18:13:42.894+00"
760,"https://www.birminghammail.co.uk/news/showbiz-tv/georgia-harrison-breaks-silence-after-25744471","Georgia has shared her relief after her ex Celebrity Big Brother winner Bear was found guilty of multiple offences.","2022-12-13 18:13:42.931+00","2022-12-13 18:13:42.931+00"
761,"https://www.theguardian.com/uk-news/2022/dec/13/landowners-lawyer-says-there-has-never-been-legal-right-to-wild-camp-on-dartmoor","Lawyers for landowner Alexander Darwall argue camping is not explicitly mentioned in laws","2022-12-13 18:13:42.965+00","2022-12-13 18:13:42.965+00"
762,"https://www.theguardian.com/uk-news/2022/dec/13/reality-tv-star-stephen-bear-convicted-of-sharing-sex-tape-online","Bear found guilty of sharing private content and voyeurism over CCTV footage of him with ex-girlfriend Georgia Harrison","2022-12-13 18:13:42.993+00","2022-12-13 18:13:42.993+00"
763,"https://www.birminghammail.co.uk/news/midlands-news/birmingham-schools-big-extension-plans-25744441","The E-ACT North Birmingham Academy is hoping the three-storey extension will be big enough to cope with the influx of students","2022-12-13 18:13:43.028+00","2022-12-13 18:13:43.028+00"
764,"https://www.birminghammail.co.uk/news/showbiz-tv/molly-mae-hague-shares-weird-25744151","The 23 year old is currently in her final trimester ahead of giving birth to her and beau Tommy Fury's child.","2022-12-13 18:13:43.064+00","2022-12-13 18:13:43.064+00"
767,"https://metro.co.uk/2022/12/12/essex-missing-schoolgirl-15-hasnt-been-seen-for-three-weeks-17922980/","NEWS... BUT NOT AS YOU KNOW IT","2022-12-13 18:13:43.413+00","2022-12-13 18:13:43.413+00"
772,"https://www.standard.co.uk/news/uk/jersey-flats-explosion-st-helier-victims-missing-named-b1046959.html?itm_source=Internal&itm_channel=homepage_banner&itm_campaign=breaking-news-ticker&itm_content=1","Ken and Jane Ralph are the last two people to be named as missing following the explosion at a block of flats in St Helier","2022-12-13 18:13:44.105+00","2022-12-13 18:13:44.105+00"
774,"https://www.standard.co.uk/news/politics/mps-parliament-gchq-government-mi5-mi6-spies-b1046864.html?itm_source=Internal&itm_channel=homepage_banner&itm_campaign=breaking-news-ticker&itm_content=3","The Intelligence and Security Committee said its work has been ‘severely hampered’ due to agencies’ failure to meet deadlines","2022-12-13 18:13:44.763+00","2022-12-13 18:13:44.763+00"
776,"https://www.standard.co.uk/news/london/cashpoint-robberies-met-police-appeal-south-london-b1046924.html","Police are searching for a suspect in connection with robberies in Lewisham, Lambeth, Belvedere and Bromley ","2022-12-13 18:13:44.836+00","2022-12-13 18:13:44.836+00"
778,"https://www.standard.co.uk/news/london/sadiq-khan-cressida-dick-tom-winsor-report-met-police-b1046905.html?itm_source=Internal&itm_channel=homepage_banner&itm_campaign=breaking-news-ticker&itm_content=5","Sadiq Khan clashed with Sir Tom Winsor ","2022-12-13 18:13:44.906+00","2022-12-13 18:13:44.906+00"
780,"https://www.standard.co.uk/news/politics/rishi-sunak-announces-deal-fast-track-removal-albanian-migrants-immigration-b1046873.html?itm_source=Internal&itm_channel=homepage_banner&itm_campaign=breaking-news-ticker&itm_content=6","Disused holiday parks, former student halls and surplus military sites will also be used to house migrants, the Prime Minister said ","2022-12-13 18:13:45.085+00","2022-12-13 18:13:45.085+00"
784,"https://www.bbc.co.uk/news/uk-scotland-edinburgh-east-fife-63958206","Police are warning drivers not to leave their cars while defrosting them following the theft of two vehicles in West Lothian.","2022-12-13 18:13:47.154+00","2022-12-13 18:13:47.154+00"
793,"https://www.bbc.co.uk/news/uk-scotland-edinburgh-east-fife-63663006","Scottish rugby hero Scott Hastings had been on a ""cancer journey"" with one of his childhood friends in the years since they were diagnosed.","2022-12-13 18:13:47.659+00","2022-12-13 18:13:47.659+00"
804,"https://www.bbc.co.uk/news/uk-england-lancashire-63958818","An ambulance service has issued another urgent plea to think before calling 999 and 111 while crews face a ""significant"" amount of calls.","2022-12-13 18:13:49.312+00","2022-12-13 18:13:49.312+00"
814,"https://www.liverpoolecho.co.uk/news/liverpool-news/gps-plea-after-unprecedented-levels-25745341","The warning came after a number of doctors and staff became ill","2022-12-13 19:27:48.916+00","2022-12-13 19:27:48.916+00"
816,"https://www.liverpoolecho.co.uk/news/liverpool-news/paedophile-claimed-prankster-friends-sent-25745025","Pervert was dobbed in by his own mum after saying he wanted to have a bath with '13-year-old'","2022-12-13 19:27:49.14+00","2022-12-13 19:27:49.14+00"
817,"https://www.liverpoolecho.co.uk/news/liverpool-news/improvement-plan-troubled-childrens-services-25745238","The service received a dire Ofsted inspection earlier this year","2022-12-13 19:27:49.188+00","2022-12-13 19:27:49.188+00"
819,"https://www.liverpoolecho.co.uk/news/liverpool-news/rebecca-ferguson-backs-striking-workers-25744376","Former X Factor star has shown her support for those on the picket line","2022-12-13 19:27:49.296+00","2022-12-13 19:27:49.296+00"
822,"https://www.liverpoolecho.co.uk/news/liverpool-news/mums-warning-after-aldi-makes-25742868","Melissa Devine said she wants to warn other parents of the change","2022-12-13 19:27:49.383+00","2022-12-13 19:27:49.383+00"
824,"https://www.liverpoolecho.co.uk/news/liverpool-news/tugboat-captain-gave-shipmate-extremely-25741018","Efforts to rescue Ian Webb after fall into river were 'disjointed and haphazard', trial hears","2022-12-13 19:27:49.453+00","2022-12-13 19:27:49.453+00"
828,"https://www.edinburghlive.co.uk/news/edinburgh-news/edinburgh-weather-bbc-forecasts-more-25743285","Edinburgh is forecasted for more snow as the cold snap continues to push temperatures down across the UK. This comes as locals woke up to a bitterly cold -7C this morning.","2022-12-13 19:27:49.574+00","2022-12-13 19:27:49.574+00"
839,"https://www.edinburghlive.co.uk/news/edinburgh-news/west-lothian-police-issue-warning-25744862","West Lothian police have issued a warning to anyone defrosting their cars following a double car theft. One man was rushed to hospital after being struck down by the stolen car.","2022-12-13 19:27:50.52+00","2022-12-13 19:27:50.52+00"
846,"https://www.bbc.co.uk/news/health-63959843","Researchers say they have successfully completed a trial of a personalised cancer vaccine that uses the same messenger-RNA technology as Covid jabs.","2022-12-13 19:27:51.011+00","2022-12-13 19:27:51.011+00"
847,"https://www.bbc.co.uk/news/world-europe-63954860","All eight defendants have been found guilty over the July 2016 lorry attack in the southern French city of Nice in which 86 people were killed.","2022-12-13 19:27:51.052+00","2022-12-13 19:27:51.052+00"
875,"https://www.birminghammail.co.uk/news/showbiz-tv/bbc-strictly-come-dancing-star-25745581","Fleur has spoken out over Will Mellor being sent home on Monday night's results show.","2022-12-13 19:27:52.093+00","2022-12-13 19:27:52.093+00"
877,"https://www.birminghammail.co.uk/news/midlands-news/prince-harry-meghan-markle-dealt-25745243","A fresh poll shows the popularity of Prince Harry, the Duke of Sussex, and his wife the Duchess of Sussex, former Suits actress Meghan, has plunged.","2022-12-13 19:27:52.156+00","2022-12-13 19:27:52.156+00"
879,"https://www.birminghammail.co.uk/news/showbiz-tv/gogglebox-stars-joe-george-baggs-25745035","Joe and George star on the Channel 4 show with Lisa and Terry, their parents.","2022-12-13 19:27:52.214+00","2022-12-13 19:27:52.214+00"
880,"https://www.birminghammail.co.uk/news/midlands-news/four-million-uk-households-3000-25745285","Four million mortgage holders are set to see their monthly payments jump.","2022-12-13 19:27:52.241+00","2022-12-13 19:27:52.241+00"
881,"https://www.birminghammail.co.uk/news/showbiz-tv/frankie-bridge-fights-back-tears-25745332","The 33 year old ITV I'm A Celebrity star opened up as she shared a tearful selfie.","2022-12-13 19:27:52.273+00","2022-12-13 19:27:52.273+00"
882,"https://www.birminghammail.co.uk/news/midlands-news/police-raid-balsall-heath-chop-25745454","Finds included the stripped shell of a high performance Jaguar","2022-12-13 19:27:52.338+00","2022-12-13 19:27:52.338+00"
883,"https://www.birminghammail.co.uk/news/showbiz-tv/bbc-strictly-come-dancing-takes-25745548","Rylan was joined by three previous winners ahead of this weekend's final, which will see Molly Rainford take on Fleur East, Hamza Yassin and Helen Skelton.","2022-12-13 19:27:52.38+00","2022-12-13 19:27:52.38+00"
